caid,association_type,coastal_flag,building_age,avg_funded_pct,last_funded_pct,funding_trend,contribution_ratio,total_open_workorders,critical_deferred_count,avg_deferred_days,open_workorder_cost,target_reserve_failure
CA-NV-00000001,HOA,0,38,80.137,81.92,2.11,0.0572,1,1,10.0,11512.7,0
CA-TX-00000002,HOA,0,29,24.453,24.95,1.525,0.05524,16,6,93.9,129359.63,1
CA-TX-00000003,HOA,0,8,100.23,101.24,0.85,0.06139,1,0,38.0,6918.62,0
CA-TX-00000004,HOA,0,37,47.27,46.95,-0.515,0.06903,8,4,38.4,77346.1,0
CA-CA-00000005,CONDO,0,30,40.333,41.86,0.025,0.0576,10,5,72.5,64155.93,0
CA-WA-00000006,HOA,1,34,50.347,49.01,-1.185,0.06313,0,0,0.0,0.0,0
CA-VA-00000007,HOA,1,28,66.277,67.28,1.325,0.06904,2,2,81.0,17424.38,0
CA-NY-00000008,HOA,0,47,80.107,78.75,-1.19,0.03778,1,0,10.0,832.61,0
CA-CA-00000009,HOA,0,21,70.58,70.75,0.31,0.04951,2,1,62.5,21502.92,0
CA-AZ-00000010,HOA,0,62,63.45,63.9,0.745,0.06895,0,0,0.0,0.0,0
CA-TX-00000011,MIXED,0,17,83.96,85.2,1.68,0.0608,1,0,14.0,8902.23,0
CA-FL-00000012,HOA,0,37,61.69,61.01,-0.46,0.0652,10,5,66.9,67221.44,0
CA-AZ-00000013,HOA,0,40,24.58,23.67,-1.115,0.05943,13,8,68.2,115320.84,1
CA-FL-00000014,PUD,1,6,84.377,85.6,1.655,0.04687,0,0,0.0,0.0,0
CA-NY-00000015,MIXED,1,23,81.657,83.46,1.325,0.05384,4,3,37.8,27783.72,0
CA-IL-00000016,CONDO,0,19,45.667,43.05,-0.9,0.06112,13,6,77.8,62558.21,0
CA-CA-00000017,HOA,0,22,64.593,65.92,0.93,0.06564,2,0,122.5,27660.96,0
CA-CO-00000018,PUD,0,58,68.34,68.09,-0.845,0.05968,1,0,204.0,3746.1,0
CA-IL-00000019,CONDO,0,42,70.133,69.85,-0.445,0.0655,2,1,67.5,11250.33,0
CA-VA-00000020,CONDO,1,59,50.847,50.75,-0.18,0.04655,1,1,33.0,4714.2,0
CA-TX-00000021,PUD,0,30,47.37,48.75,1.38,0.05869,0,0,0.0,0.0,0
CA-TX-00000022,HOA,1,10,59.867,60.35,0.165,0.0704,4,4,65.8,37499.9,0
CA-NC-00000023,CONDO,0,15,60.663,59.68,-1.44,0.04641,4,2,61.2,19461.83,0
CA-FL-00000024,HOA,1,2,18.683,17.5,-2.16,0.05238,55,26,82.9,389466.31,1
CA-FL-00000025,PUD,1,27,32.657,30.53,-2.085,0.05002,18,8,59.0,88169.14,0
CA-CA-00000026,CONDO,1,33,19.837,19.95,0.19,0.05888,13,7,93.8,91215.21,1
CA-PA-00000027,MIXED,0,59,76.087,76.98,0.75,0.06186,3,3,35.3,18457.15,0
CA-FL-00000028,CONDO,0,16,19.723,19.38,-0.415,0.03483,9,4,111.1,82829.48,1
CA-MA-00000029,HOA,0,62,70.297,70.37,-0.09,0.06154,2,2,68.5,24911.65,0
CA-NC-00000030,PUD,0,21,33.393,33.69,0.195,0.05648,10,5,91.6,77392.45,0
CA-FL-00000031,CONDO,1,21,68.76,68.85,0.875,0.04294,1,1,130.0,8348.13,0
CA-MA-00000032,CONDO,0,64,50.19,48.8,-0.75,0.07403,10,5,50.6,85249.94,0
CA-CO-00000033,CONDO,0,5,66.307,64.67,-1.08,0.04445,1,0,52.0,1144.17,0
CA-FL-00000034,PUD,0,8,58.47,59.72,1.125,0.05395,0,0,0.0,0.0,0
CA-WA-00000035,CONDO,1,42,82.417,83.62,1.065,0.06198,2,0,167.0,8277.29,0
CA-NY-00000036,PUD,1,39,77.36,75.75,-0.295,0.05376,1,0,12.0,6295.98,0
CA-AZ-00000037,CONDO,0,5,63.77,62.3,-0.915,0.0576,2,2,161.5,10520.33,0
CA-GA-00000038,HOA,0,19,78.113,80.72,1.41,0.0466,3,1,19.7,12334.12,0
CA-FL-00000039,HOA,1,13,44.133,45.35,0.96,0.05664,17,7,65.6,134473.88,0
CA-FL-00000040,CONDO,0,35,62.25,61.25,0.035,0.04406,3,2,67.7,10309.84,0
CA-CA-00000041,CONDO,1,22,36.127,36.58,0.08,0.04466,58,35,88.3,440083.56,0
CA-NY-00000042,HOA,0,27,67.347,67.72,0.575,0.05876,1,0,68.0,13214.31,0
CA-NC-00000043,HOA,1,16,56.103,55.71,-0.675,0.04882,7,3,48.0,90818.49,0
CA-FL-00000044,HOA,1,9,13.503,11.94,-0.98,0.06462,35,12,56.4,228747.02,1
CA-CA-00000045,CONDO,0,62,79.18,78.87,-1.06,0.0751,2,0,27.5,13184.46,0
CA-CA-00000046,CONDO,0,31,18.303,16.36,-1.89,0.06145,39,18,72.6,276110.49,1
CA-CO-00000047,CONDO,0,37,40.283,38.21,-0.92,0.05273,10,4,104.7,67961.14,0
CA-CA-00000048,HOA,1,37,15.313,12.1,-1.77,0.0474,57,24,80.3,456845.33,1
CA-NC-00000049,CONDO,1,52,58.34,57.7,-0.555,0.06031,0,0,0.0,0.0,0
CA-FL-00000050,PUD,1,18,68.833,67.32,-2.13,0.05474,2,0,296.0,9305.01,0
CA-CA-00000051,HOA,0,55,36.577,38.17,0.52,0.0594,12,5,59.9,70482.55,0
CA-AZ-00000052,PUD,1,15,45.513,45.35,-0.245,0.05933,15,9,68.8,104547.5,0
CA-CA-00000053,HOA,0,35,70.603,72.42,0.67,0.04083,3,1,73.0,5061.16,0
CA-AZ-00000054,CONDO,0,54,62.1,61.96,-0.565,0.0675,2,1,45.0,21711.53,0
CA-NY-00000055,CONDO,0,30,21.177,20.53,-0.55,0.04585,8,3,115.6,61132.95,1
CA-NV-00000056,CONDO,0,30,57.58,56.57,-0.89,0.06041,1,0,7.0,520.31,0
CA-FL-00000057,CONDO,1,7,35.25,35.51,0.0,0.05196,11,6,61.5,86752.99,0
CA-CA-00000058,HOA,0,29,78.463,77.76,-0.605,0.06087,1,1,51.0,13148.62,0
CA-OH-00000059,CONDO,0,8,50.52,48.84,-1.18,0.06906,21,11,58.3,178987.65,0
CA-NY-00000060,CONDO,0,38,62.77,61.55,-1.39,0.05856,0,0,0.0,0.0,0
CA-NC-00000061,HOA,1,35,77.447,80.29,2.44,0.04733,2,1,30.5,3553.96,0
CA-VA-00000062,HOA,1,59,40.307,39.95,-0.955,0.06505,9,7,49.4,87945.04,0
CA-VA-00000063,HOA,1,56,32.843,30.91,-2.575,0.0406,11,6,54.9,53441.37,0
CA-GA-00000064,HOA,0,2,34.127,33.13,-1.24,0.05839,9,2,76.6,67062.49,0
CA-VA-00000065,HOA,0,13,88.693,89.11,-0.34,0.03523,2,0,63.5,13965.75,0
CA-NY-00000066,HOA,1,36,63.187,63.56,0.83,0.05538,2,0,23.5,14204.84,0
CA-NV-00000067,CONDO,0,65,82.577,82.91,0.865,0.06042,3,1,82.0,18259.17,0
CA-FL-00000068,HOA,0,27,74.81,75.07,0.49,0.05636,0,0,0.0,0.0,0
CA-PA-00000069,HOA,0,16,21.483,21.5,0.66,0.05037,12,2,66.2,70954.66,1
CA-CA-00000070,CONDO,0,27,65.043,65.37,0.19,0.07253,19,12,67.1,167687.4,0
CA-FL-00000071,HOA,1,23,69.91,70.02,0.47,0.04911,3,2,41.3,20593.89,0
CA-CA-00000072,HOA,0,9,2.03,1.3,-1.035,0.05079,50,24,75.3,399009.22,1
CA-FL-00000073,HOA,0,57,82.96,82.52,0.39,0.04786,1,0,56.0,3803.21,0
CA-FL-00000074,CONDO,1,21,73.763,73.63,-0.14,0.04875,1,0,31.0,6475.76,0
CA-CA-00000075,HOA,0,10,43.283,43.09,-0.2,0.05988,16,2,80.6,115416.18,0
CA-AZ-00000076,HOA,0,27,25.187,25.05,-0.575,0.05645,16,9,51.2,122641.19,1
CA-CA-00000077,CONDO,1,5,90.35,91.61,0.785,0.06322,0,0,0.0,0.0,0
CA-CA-00000078,HOA,0,30,48.08,47.09,-0.19,0.03557,14,6,80.7,92654.71,0
CA-FL-00000079,HOA,0,18,25.697,24.47,0.145,0.04537,10,7,70.6,75642.47,1
CA-TX-00000080,CONDO,0,46,24.307,21.99,-2.05,0.0512,13,10,57.5,110150.4,1
CA-PA-00000081,PUD,0,42,40.033,38.34,-2.55,0.05562,1,0,14.0,12755.43,0
CA-NY-00000082,MIXED,1,28,78.273,78.71,0.525,0.05498,1,1,88.0,5198.24,0
CA-CA-00000083,CONDO,1,45,60.313,61.6,0.535,0.05144,2,1,160.0,9621.73,0
CA-AZ-00000084,HOA,0,19,86.283,86.02,-1.03,0.05557,2,0,60.5,14352.87,0
CA-WA-00000085,HOA,0,30,44.703,43.5,-0.575,0.06634,15,6,78.0,98183.36,0
CA-FL-00000086,MIXED,0,42,76.063,76.42,0.58,0.05704,3,1,38.0,25197.65,0
CA-WA-00000087,MIXED,1,57,40.983,40.43,-0.675,0.05968,16,10,104.9,121109.0,0
CA-VA-00000088,CONDO,0,10,90.07,90.72,0.795,0.05099,2,2,200.5,27579.55,0
CA-OH-00000089,CONDO,0,24,31.917,34.04,1.1,0.0589,12,8,53.4,77681.08,0
CA-TX-00000090,HOA,0,32,44.03,43.93,-0.13,0.05118,12,4,59.3,96894.63,0
CA-NC-00000091,HOA,1,22,64.273,67.98,3.36,0.05251,0,0,0.0,0.0,0
CA-NC-00000092,HOA,0,34,64.667,63.59,-0.31,0.05266,0,0,0.0,0.0,0
CA-FL-00000093,HOA,1,38,61.627,61.85,0.74,0.05406,1,0,55.0,5104.66,0
CA-TX-00000094,HOA,0,10,49.003,50.74,2.115,0.05499,11,7,46.3,97497.1,0
CA-NY-00000095,HOA,0,37,31.03,30.55,-0.205,0.04433,12,3,93.4,92021.51,0
CA-NV-00000096,HOA,0,27,52.56,52.73,-0.07,0.04832,1,1,17.0,7245.43,0
CA-CA-00000097,CONDO,1,5,7.68,6.27,-0.76,0.05811,53,24,74.6,332877.04,1
CA-WA-00000098,CONDO,1,43,13.773,13.39,-0.67,0.05599,35,22,60.0,320349.73,1
CA-FL-00000099,HOA,0,37,15.793,13.64,-2.295,0.05645,9,3,126.2,62269.63,1
CA-FL-00000100,PUD,0,11,49.71,50.34,0.33,0.05146,17,10,43.6,136113.95,0
CA-TX-00000101,HOA,0,6,62.413,61.65,-0.91,0.05059,2,0,52.0,8091.58,0
CA-TX-00000102,CONDO,1,17,39.857,38.75,-1.135,0.05525,18,7,69.6,129322.29,0
CA-TX-00000103,MIXED,1,54,69.187,70.47,1.155,0.05526,2,0,63.5,6319.44,0
CA-CO-00000104,CONDO,0,57,76.997,77.25,0.5,0.04284,1,0,67.0,8587.63,0
CA-NV-00000105,CONDO,0,55,57.557,58.11,0.865,0.04077,1,1,207.0,293.15,0
CA-NY-00000106,HOA,0,13,65.7,66.17,0.57,0.04354,2,2,20.0,19309.31,0
CA-CA-00000107,HOA,1,25,75.973,73.82,-1.605,0.04806,2,1,70.5,15380.92,0
CA-FL-00000108,HOA,1,17,66.49,68.92,1.685,0.06889,3,2,42.3,18621.2,0
CA-AZ-00000109,PUD,0,30,32.193,32.62,-0.455,0.04877,23,12,56.9,163281.53,0
CA-NC-00000110,HOA,0,9,59.23,59.08,-0.52,0.05015,1,0,173.0,12237.65,0
CA-NV-00000111,HOA,0,26,67.687,66.3,-2.095,0.04755,1,0,13.0,5993.14,0
CA-NC-00000112,CONDO,1,22,25.17,24.14,-0.135,0.05671,51,24,56.6,412573.66,1
CA-FL-00000113,HOA,0,20,49.687,50.15,0.65,0.06105,5,4,53.2,32117.42,0
CA-TX-00000114,CONDO,0,41,31.96,30.22,-2.085,0.04452,12,6,121.7,82385.9,0
CA-WA-00000115,PUD,0,44,53.02,54.11,0.595,0.06316,14,3,95.9,93539.6,0
CA-NC-00000116,HOA,1,48,29.997,29.33,0.52,0.05308,4,2,171.0,32752.84,0
CA-CO-00000117,CONDO,0,40,45.897,45.76,-1.23,0.06343,7,5,50.9,36713.83,0
CA-GA-00000118,HOA,0,65,77.117,76.35,-0.275,0.05342,1,1,51.0,14282.07,1
CA-TX-00000119,CONDO,0,16,31.547,30.83,-0.48,0.06191,51,29,77.3,385064.93,0
CA-CA-00000120,CONDO,1,31,63.337,63.43,0.34,0.04093,0,0,0.0,0.0,0
CA-NC-00000121,CONDO,1,21,78.383,76.81,-1.45,0.0658,0,0,0.0,0.0,0
CA-IL-00000122,CONDO,1,42,47.02,46.4,-0.995,0.04859,12,5,57.8,105225.76,0
CA-NY-00000123,CONDO,1,64,76.873,78.16,2.01,0.05511,0,0,0.0,0.0,0
CA-VA-00000124,HOA,0,65,54.887,55.24,0.125,0.07271,3,1,56.7,17216.19,0
CA-TX-00000125,HOA,1,33,56.563,55.53,-0.395,0.05461,0,0,0.0,0.0,0
CA-IL-00000126,HOA,0,17,20.793,18.66,-1.67,0.05012,47,24,73.3,367739.0,1
CA-FL-00000127,HOA,0,13,91.5,92.92,1.4,0.0623,2,1,32.0,16698.02,0
CA-IL-00000128,HOA,0,5,55.07,53.2,-0.31,0.049,15,4,79.7,117015.48,0
CA-NV-00000129,CONDO,0,20,96.55,96.43,-0.06,0.05859,2,2,74.0,14048.59,0
CA-NV-00000130,MIXED,0,46,70.393,71.8,1.05,0.06645,1,1,32.0,9560.5,0
CA-FL-00000131,CONDO,1,25,24.11,22.4,-1.555,0.05224,12,7,64.9,99322.39,1
CA-VA-00000132,MIXED,1,16,78.993,80.2,2.085,0.06232,0,0,0.0,0.0,0
CA-IL-00000133,CONDO,0,62,68.193,68.65,0.74,0.07451,0,0,0.0,0.0,0
CA-GA-00000134,HOA,0,33,17.833,16.98,-0.89,0.04675,14,5,78.4,106857.24,1
CA-IL-00000135,CONDO,0,12,5.977,8.1,2.385,0.06279,44,25,75.4,318102.63,1
CA-FL-00000136,HOA,0,5,76.06,77.57,1.72,0.05106,0,0,0.0,0.0,0
CA-CA-00000137,CONDO,0,30,8.537,8.33,-0.205,0.04604,37,16,47.5,326838.64,1
CA-FL-00000138,HOA,0,16,65.55,63.91,-1.4,0.05989,2,1,90.5,7570.06,0
CA-OH-00000139,CONDO,0,13,70.417,70.81,-0.385,0.05187,2,0,160.5,15001.76,0
CA-MA-00000140,MIXED,0,36,53.53,52.1,-1.16,0.05618,4,2,76.8,32292.78,0
CA-WA-00000141,HOA,0,34,72.903,73.3,-0.415,0.05577,1,1,75.0,5588.2,0
CA-IL-00000142,HOA,0,8,65.087,64.79,0.22,0.05584,2,1,93.0,17801.43,0
CA-TX-00000143,HOA,0,30,42.877,45.53,2.7,0.04771,1,1,33.0,384.47,0
CA-FL-00000144,HOA,0,8,85.933,86.57,0.52,0.04966,3,2,115.7,24351.22,0
CA-CA-00000145,HOA,1,2,42.023,40.43,-1.285,0.04324,12,7,67.2,81745.32,0
CA-TX-00000146,CONDO,0,42,99.96,100.16,-0.145,0.05892,1,0,32.0,13683.39,0
CA-TX-00000147,CONDO,1,32,51.373,51.55,1.01,0.0676,13,5,51.6,76705.25,0
CA-AZ-00000148,MIXED,0,19,80.13,80.07,-0.445,0.04991,3,1,59.7,14380.06,0
CA-IL-00000149,HOA,0,15,28.447,25.84,-1.415,0.05549,11,6,45.5,72824.76,0
CA-GA-00000150,CONDO,0,31,75.417,75.95,1.06,0.05266,1,1,204.0,12326.67,0
CA-CA-00000151,HOA,1,44,77.44,77.23,-0.105,0.04734,1,0,47.0,12164.31,0
CA-FL-00000152,CONDO,0,44,86.937,88.59,2.145,0.07055,0,0,0.0,0.0,0
CA-TX-00000153,MIXED,1,40,85.2,85.61,0.04,0.05931,1,1,38.0,6193.9,0
CA-TX-00000154,HOA,1,8,66.147,68.82,1.905,0.05844,1,1,58.0,8736.86,0
CA-NV-00000155,HOA,0,20,51.153,50.84,0.005,0.05658,11,6,64.8,82449.3,0
CA-NV-00000156,CONDO,0,53,53.463,53.58,0.26,0.05153,13,7,41.3,89881.21,0
CA-IL-00000157,HOA,0,30,23.23,24.68,1.365,0.07841,61,33,81.1,429178.56,1
CA-TX-00000158,CONDO,1,17,73.293,73.91,0.615,0.06381,3,1,68.3,16322.59,0
CA-AZ-00000159,PUD,0,57,78.867,77.41,-1.755,0.06619,3,3,84.3,28690.1,0
CA-FL-00000160,HOA,0,31,49.223,49.57,0.35,0.04482,7,5,86.6,49092.69,0
CA-GA-00000161,HOA,0,40,20.553,19.83,-0.445,0.0442,50,24,68.8,345017.99,1
CA-PA-00000162,CONDO,1,30,49.887,48.26,-0.745,0.05267,11,5,54.5,81831.96,0
CA-FL-00000163,HOA,1,18,46.93,46.9,0.115,0.04633,11,5,65.8,74437.22,0
CA-NV-00000164,HOA,0,20,37.327,35.48,-1.05,0.05582,10,5,90.5,70312.15,0
CA-TX-00000165,PUD,1,62,72.163,74.09,0.155,0.04972,1,0,8.0,10765.69,0
CA-CO-00000166,CONDO,0,28,56.897,57.8,1.01,0.05976,10,3,58.6,65136.32,0
CA-FL-00000167,CONDO,1,30,15.157,14.14,-0.53,0.04486,49,22,75.5,382467.8,1
CA-IL-00000168,HOA,0,27,46.373,44.58,-0.8,0.04731,11,5,118.5,81701.31,0
CA-MA-00000169,HOA,1,15,62.477,62.42,-0.09,0.04638,0,0,0.0,0.0,0
CA-AZ-00000170,HOA,0,20,78.677,79.46,0.11,0.06499,1,0,106.0,4220.34,0
CA-IL-00000171,HOA,0,58,48.21,49.3,0.815,0.07349,1,0,29.0,818.72,0
CA-MA-00000172,PUD,0,40,11.03,11.28,-0.485,0.05799,37,10,65.3,242349.77,1
CA-PA-00000173,HOA,1,3,1.073,1.14,0.47,0.04766,57,32,64.4,450553.32,1
CA-TX-00000174,HOA,1,30,73.283,72.16,-1.01,0.05279,3,2,171.7,12539.47,0
CA-IL-00000175,HOA,0,27,67.347,68.38,1.195,0.05701,0,0,0.0,0.0,0
CA-CA-00000176,MIXED,1,24,75.817,75.96,1.145,0.05109,1,1,173.0,12353.11,1
CA-NV-00000177,HOA,0,64,81.857,82.78,0.455,0.0622,1,1,36.0,6103.69,0
CA-CO-00000178,HOA,0,5,12.953,12.31,-1.415,0.04574,44,20,75.2,303926.6,1
CA-NY-00000179,HOA,1,21,85.853,86.63,1.37,0.0435,0,0,0.0,0.0,0
CA-CA-00000180,PUD,0,10,82.29,83.92,0.695,0.05865,1,1,154.0,7704.36,0
CA-GA-00000181,HOA,0,16,68.717,66.57,-1.515,0.06081,1,0,66.0,14927.18,0
CA-MA-00000182,HOA,1,55,82.613,82.66,0.39,0.06961,5,2,56.8,31484.6,0
CA-VA-00000183,HOA,1,15,86.437,86.21,-0.805,0.04803,3,3,48.3,15239.36,0
CA-TX-00000184,CONDO,0,15,88.863,90.15,1.305,0.05863,1,0,18.0,3095.53,0
CA-CA-00000185,MIXED,0,36,33.78,33.22,-0.285,0.05977,13,7,71.9,98650.22,0
CA-CA-00000186,HOA,0,19,66.91,67.2,1.015,0.05054,1,1,99.0,10960.86,0
CA-CA-00000187,CONDO,0,31,53.633,53.65,-0.24,0.05895,5,3,133.8,37439.77,0
CA-CA-00000188,HOA,1,22,43.213,41.57,-1.12,0.059,20,6,90.1,131196.64,0
CA-TX-00000189,CONDO,1,61,29.117,28.74,-0.19,0.03762,17,7,88.4,107331.55,0
CA-FL-00000190,MIXED,0,44,72.583,69.88,-3.05,0.06928,0,0,0.0,0.0,0
CA-WA-00000191,HOA,0,4,55.61,55.89,-0.05,0.05548,0,0,0.0,0.0,0
CA-CA-00000192,CONDO,1,5,20.387,19.0,-1.685,0.05251,47,27,88.7,363511.21,1
CA-CA-00000193,CONDO,0,30,46.643,46.31,-0.045,0.04923,11,5,58.8,75632.71,0
CA-IL-00000194,HOA,0,4,84.463,85.05,0.635,0.06342,1,1,31.0,13304.68,0
CA-AZ-00000195,PUD,0,53,52.1,52.0,-0.255,0.04466,4,2,96.8,28821.76,0
CA-NC-00000196,CONDO,1,62,71.203,71.58,0.4,0.06228,3,1,48.0,18765.2,0
CA-TX-00000197,HOA,1,3,46.963,46.19,-0.735,0.05847,14,10,78.7,97122.75,0
CA-NY-00000198,CONDO,0,15,17.67,17.12,-0.84,0.06589,48,21,74.9,383541.48,1
CA-FL-00000199,CONDO,0,7,79.257,80.15,0.335,0.03911,0,0,0.0,0.0,0
CA-CA-00000200,CONDO,1,49,79.597,79.26,0.115,0.06361,0,0,0.0,0.0,0
CA-GA-00000201,CONDO,0,45,30.477,30.34,-0.42,0.04918,17,5,88.5,165986.29,0
CA-CA-00000202,HOA,0,9,60.587,58.58,-1.3,0.0663,2,0,86.0,21749.77,0
CA-OH-00000203,CONDO,0,33,21.307,18.43,-2.46,0.04262,52,22,79.8,357699.08,1
CA-FL-00000204,MIXED,0,30,72.247,69.6,-2.885,0.05894,3,2,75.7,17851.18,0
CA-VA-00000205,HOA,1,38,72.59,71.86,0.04,0.05755,1,1,26.0,9958.72,0
CA-TX-00000206,CONDO,1,10,100.33,100.76,0.085,0.04473,3,2,28.3,18794.81,0
CA-FL-00000207,HOA,0,13,64.337,66.19,1.125,0.05595,0,0,0.0,0.0,0
CA-CA-00000208,CONDO,1,20,16.79,15.05,-2.215,0.04902,48,27,82.4,387187.88,1
CA-CA-00000209,CONDO,0,14,34.153,33.48,-0.81,0.06665,15,7,53.3,112039.97,0
CA-NC-00000210,CONDO,1,32,67.783,65.9,-1.63,0.05931,3,2,30.3,19916.09,0
CA-CA-00000211,CONDO,1,11,82.747,82.68,-0.38,0.05188,2,0,58.0,15849.18,0
CA-CA-00000212,HOA,0,51,84.553,85.25,0.505,0.06171,1,1,193.0,6649.01,0
CA-TX-00000213,CONDO,1,63,31.653,32.07,0.505,0.06464,12,4,94.2,80044.25,0
CA-WA-00000214,HOA,1,10,74.267,75.96,0.71,0.0606,2,1,109.0,14440.51,0
CA-VA-00000215,HOA,0,35,51.9,50.8,-0.89,0.05786,3,2,58.7,15168.81,0
CA-TX-00000216,PUD,0,30,89.817,90.02,0.83,0.06215,2,1,118.5,15855.39,0
CA-GA-00000217,HOA,0,57,39.303,38.62,0.065,0.04925,14,6,87.5,94005.03,0
CA-CA-00000218,HOA,0,3,15.96,13.24,-2.925,0.04969,45,23,72.2,310084.3,1
CA-FL-00000219,CONDO,1,28,7.727,6.43,-1.395,0.0633,46,19,55.5,347219.11,1
CA-FL-00000220,HOA,1,58,77.087,78.05,0.74,0.07021,0,0,0.0,0.0,0
CA-NV-00000221,CONDO,0,18,72.61,73.14,0.545,0.06283,1,1,64.0,8045.75,0
CA-VA-00000222,HOA,0,29,28.293,28.69,-0.355,0.06037,14,6,59.0,122024.2,0
CA-AZ-00000223,HOA,0,21,54.623,55.2,0.625,0.04517,2,1,31.5,14445.37,0
CA-GA-00000224,MIXED,0,43,19.48,19.14,-0.29,0.04213,52,24,76.1,404472.09,1
CA-GA-00000225,HOA,0,60,37.08,35.98,-0.705,0.05408,12,5,60.2,103828.55,0
CA-CO-00000226,HOA,0,3,32.913,34.55,1.625,0.06883,58,22,90.3,387032.1,0
CA-CO-00000227,HOA,0,8,37.383,39.04,-0.175,0.05678,6,4,72.0,51125.09,0
CA-GA-00000228,CONDO,0,2,46.71,49.0,2.415,0.06419,11,6,66.7,100967.04,0
CA-TX-00000229,CONDO,0,26,75.443,76.64,0.75,0.04809,0,0,0.0,0.0,0
CA-CA-00000230,CONDO,0,40,24.183,25.61,1.53,0.04309,9,2,39.8,70343.7,1
CA-FL-00000231,HOA,0,41,55.913,55.12,-0.39,0.06234,0,0,0.0,0.0,0
CA-TX-00000232,HOA,1,60,39.157,37.57,-2.145,0.05794,12,7,66.8,88098.76,0
CA-TX-00000233,HOA,0,20,63.68,62.11,-1.04,0.04781,2,2,69.5,16676.55,0
CA-AZ-00000234,CONDO,0,37,78.743,78.47,0.97,0.05211,2,0,28.5,13144.65,0
CA-AZ-00000235,HOA,0,38,66.203,66.79,0.32,0.04489,3,2,52.7,30153.19,0
CA-CA-00000236,PUD,1,26,15.527,15.35,-0.57,0.06023,35,13,75.8,353832.34,1
CA-CA-00000237,PUD,1,35,52.537,53.93,0.68,0.04983,2,2,63.5,6213.49,0
CA-TX-00000238,CONDO,0,42,73.823,75.04,1.0,0.03903,1,0,13.0,9741.06,0
CA-CA-00000239,CONDO,0,9,17.723,17.43,-0.605,0.05451,12,6,66.4,64691.75,1
CA-CA-00000240,CONDO,1,13,70.063,72.23,1.725,0.06637,2,1,86.0,9333.93,0
CA-CO-00000241,PUD,0,44,49.457,48.62,0.175,0.03785,2,1,80.5,2360.01,0
CA-IL-00000242,CONDO,1,26,15.17,15.4,0.655,0.06849,49,18,78.5,399268.4,1
CA-FL-00000243,HOA,0,17,30.407,31.04,0.36,0.07217,14,8,61.9,131802.02,0
CA-IL-00000244,CONDO,0,20,59.357,61.82,2.185,0.0497,1,1,372.0,9209.74,0
CA-CA-00000245,HOA,1,30,77.997,79.91,1.08,0.04647,0,0,0.0,0.0,0
CA-CA-00000246,CONDO,0,55,44.09,43.12,-1.35,0.04435,12,4,74.2,100641.49,0
CA-CA-00000247,HOA,0,33,77.063,77.3,-0.355,0.05163,0,0,0.0,0.0,0
CA-WA-00000248,HOA,0,45,79.647,78.71,-0.52,0.05601,0,0,0.0,0.0,0
CA-FL-00000249,HOA,0,37,76.107,75.82,-0.13,0.05245,0,0,0.0,0.0,0
CA-TX-00000250,HOA,0,31,32.12,31.87,0.955,0.07158,14,4,55.4,121996.96,0
CA-FL-00000251,HOA,1,40,83.083,81.47,-1.085,0.05056,0,0,0.0,0.0,0
CA-TX-00000252,HOA,0,14,15.847,14.4,-0.54,0.04205,60,30,67.6,469798.45,1
CA-FL-00000253,HOA,0,44,10.51,7.2,-3.535,0.06545,49,24,75.6,348350.72,1
CA-AZ-00000254,HOA,0,19,64.71,65.9,1.12,0.06879,2,1,160.5,21247.21,0
CA-CA-00000255,HOA,0,23,33.407,32.5,-1.215,0.05167,10,6,58.5,88957.8,0
CA-FL-00000256,CONDO,1,5,29.963,31.13,0.54,0.03754,6,3,81.2,57844.83,0
CA-VA-00000257,CONDO,1,44,51.353,50.67,-0.2,0.05352,4,3,86.5,39300.38,0
CA-NY-00000258,CONDO,0,26,70.687,70.81,0.53,0.05029,1,0,105.0,14514.07,0
CA-TX-00000259,HOA,0,20,55.05,53.48,-1.085,0.06007,1,1,45.0,9550.63,0
CA-OH-00000260,CONDO,0,6,60.313,60.62,0.05,0.05423,0,0,0.0,0.0,0
CA-IL-00000261,CONDO,0,27,52.213,51.4,-1.21,0.05938,13,5,83.6,101063.91,0
CA-VA-00000262,CONDO,0,30,70.33,70.9,-0.02,0.05525,4,2,43.0,31155.94,0
CA-NC-00000263,PUD,1,19,73.267,74.74,1.295,0.05482,1,1,13.0,4244.24,0
CA-CA-00000264,CONDO,0,18,26.4,25.1,-0.505,0.05285,47,22,83.8,347884.61,1
CA-FL-00000265,PUD,1,31,8.41,7.28,-1.205,0.06649,53,21,69.1,378637.18,1
CA-WA-00000266,PUD,1,54,88.33,89.4,1.21,0.06538,1,1,19.0,4577.36,0
CA-NV-00000267,CONDO,0,30,45.247,46.02,1.295,0.04799,12,6,69.7,89954.54,0
CA-CA-00000268,CONDO,0,55,15.55,11.95,-2.49,0.06923,50,22,77.9,378518.62,1
CA-TX-00000269,CONDO,1,55,68.033,69.07,-0.17,0.05519,3,1,46.3,20034.37,0
CA-GA-00000270,CONDO,0,34,29.963,29.12,-0.18,0.04842,14,4,84.8,94299.06,0
CA-CO-00000271,HOA,0,53,70.363,72.8,2.0,0.04357,1,0,116.0,5595.75,0
CA-FL-00000272,CONDO,1,30,14.513,13.42,-1.265,0.06184,51,23,63.0,355500.33,1
CA-AZ-00000273,CONDO,0,44,27.863,27.75,1.255,0.05087,12,4,40.7,98858.72,1
CA-NV-00000274,HOA,0,10,20.363,18.99,-1.605,0.05643,48,24,72.2,410408.76,1
CA-GA-00000275,HOA,1,43,68.8,72.52,3.275,0.06289,1,0,21.0,10510.53,0
CA-AZ-00000276,CONDO,0,19,77.733,79.68,1.63,0.03718,0,0,0.0,0.0,0
CA-CA-00000277,HOA,1,41,76.25,77.02,0.865,0.05051,1,1,50.0,12800.83,0
CA-VA-00000278,CONDO,0,63,69.963,71.13,0.77,0.04182,0,0,0.0,0.0,0
CA-NC-00000279,HOA,0,61,55.14,57.4,2.39,0.05422,1,0,57.0,12926.65,0
CA-TX-00000280,CONDO,0,9,73.59,71.52,-0.925,0.05642,3,3,51.7,15625.09,0
CA-OH-00000281,CONDO,0,29,57.943,59.02,0.53,0.04036,5,2,84.6,40585.64,0
CA-CO-00000282,CONDO,1,30,21.443,20.07,-1.715,0.05135,50,22,60.6,400579.41,1
CA-CO-00000283,HOA,0,10,37.54,37.26,0.48,0.06514,48,21,55.0,329312.93,0
CA-CA-00000284,PUD,0,43,76.203,77.11,1.26,0.05449,0,0,0.0,0.0,0
CA-NY-00000285,MIXED,0,9,9.857,7.71,-1.395,0.05217,46,23,75.5,336702.43,1
CA-TX-00000286,HOA,0,36,43.84,45.64,1.755,0.05413,0,0,0.0,0.0,0
CA-IL-00000287,HOA,1,52,61.777,62.9,1.155,0.0605,1,0,64.0,5004.35,0
CA-IL-00000288,HOA,0,21,85.357,85.8,-0.24,0.05167,0,0,0.0,0.0,0
CA-VA-00000289,HOA,1,2,11.023,11.11,-0.07,0.05374,47,26,66.5,363053.47,1
CA-FL-00000290,CONDO,1,47,56.6,57.93,0.445,0.06035,17,10,60.8,109591.74,0
CA-VA-00000291,CONDO,1,37,18.76,17.64,-1.215,0.06484,57,32,68.7,394606.49,1
CA-FL-00000292,HOA,1,28,51.083,52.91,1.83,0.06488,16,4,52.2,97973.33,0
CA-FL-00000293,CONDO,1,26,24.847,23.72,-0.765,0.04702,16,9,88.8,108272.11,1
CA-AZ-00000294,CONDO,1,40,89.073,88.04,-0.48,0.05065,0,0,0.0,0.0,0
CA-FL-00000295,CONDO,0,64,16.513,14.83,-2.185,0.04999,54,27,80.2,426548.1,1
CA-FL-00000296,CONDO,1,9,54.08,55.22,0.175,0.0566,3,1,40.7,20535.58,0
CA-FL-00000297,PUD,1,47,40.57,39.08,-1.37,0.05085,4,2,27.2,32267.85,0
CA-TX-00000298,PUD,0,31,67.263,67.14,-0.36,0.06712,0,0,0.0,0.0,0
CA-TX-00000299,CONDO,1,57,75.95,77.35,2.01,0.05844,0,0,0.0,0.0,0
CA-IL-00000300,MIXED,0,20,39.01,38.91,0.26,0.05081,11,7,52.5,76836.24,0
